Температура (день),Давление (день),Облачность (день),Ветер (день),Температура (вечер),Давление (вечер),Облачность (вечер),Ветер (вечер)
-5,753,Пасмурно,В 2м/с,-5,752,Пасмурно,В 2м/с
-6,751,Пасмурно,В 2м/с,-7,750,Переменная облачность,В 2м/с
-6,752,Переменная облачность,В 1м/с,-9,752,Переменная облачность,В 1м/с
-11,749,Пасмурно,Ю 2м/с,-9,749,Пасмурно,Ю 2м/с
-4,749,Пасмурно,Ю 2м/с,-2,749,Пасмурно,Ю 2м/с
-1,754,Пасмурно,Ю 3м/с,-5,755,Ясно,Ю 3м/с
-8,756,Пасмурно,ЮВ 2м/с,-9,758,Переменная облачность,ЮВ 2м/с
-10,759,Ясно,ЮВ 3м/с,-12,759,Ясно,ЮВ 3м/с
-11,758,Ясно,В 4м/с,-12,757,Ясно,В 4м/с
-11,753,Ясно,В 2м/с,-11,752,Переменная облачность,В 2м/с
-10,750,Малооблачно,ЮЗ 1м/с,-12,750,Переменная облачность,ЮЗ 1м/с
-10,749,Пасмурно,Ю 2м/с,-8,748,Переменная облачность,Ю 2м/с
-4,747,Пасмурно,Ю 2м/с,-4,747,Пасмурно,Ю 2м/с
-3,749,Пасмурно,ЮВ 2м/с,-4,750,Пасмурно,ЮВ 2м/с
-3,754,Пасмурно,В 2м/с,-4,755,Пасмурно,В 2м/с
-6,754,Пасмурно,ЮВ 3м/с,-6,753,Пасмурно,ЮВ 3м/с
-4,754,Пасмурно,ЮВ 4м/с,-4,757,Пасмурно,ЮВ 4м/с
-7,758,Малооблачно,В 4м/с,-9,758,Малооблачно,В 4м/с
-11,762,Пасмурно,В 2м/с,-14,762,Переменная облачность,В 2м/с
-13,764,Ясно,В 2м/с,-15,764,Ясно,В 2м/с
-14,769,Ясно,ЮВ 2м/с,-15,769,Ясно,ЮВ 2м/с
-12,769,Ясно,В 2м/с,-14,769,Ясно,В 2м/с
-9,767,Ясно,В 2м/с,-10,766,Ясно,В 2м/с
-6,763,Ясно,В 2м/с,-7,762,Ясно,В 2м/с
-6,764,Ясно,В 2м/с,-9,765,Ясно,В 2м/с
-8,770,Ясно,В 3м/с,-10,771,Ясно,В 3м/с
-9,769,Ясно,СВ 3м/с,-10,767,Ясно,СВ 3м/с
-10,765,Переменная облачность,В 1м/с,-14,766,Ясно,В 1м/с
-10,767,Ясно,СЗ 1м/с,-15,766,Ясно,СЗ 1м/с
-16,766,Ясно,СВ 2м/с,-18,767,Ясно,СВ 2м/с
-17,767,Переменная облачность,В 4м/с,-19,768,Пасмурно,В 4м/с
-19,772,Переменная облачность,В 3м/с,-21,773,Малооблачно,В 3м/с
-19,772,Ясно,В 2м/с,-21,772,Ясно,В 2м/с
-19,777,Ясно,В 1м/с,-24,779,Ясно,В 1м/с
-15,776,Ясно,С 2м/с,-20,774,Ясно,С 2м/с
-14,770,Ясно,СВ 2м/с,-16,770,Ясно,СВ 2м/с
-13,769,Малооблачно,В 2м/с,-14,767,Ясно,В 2м/с
-13,760,Пасмурно,В 5м/с,-11,758,Пасмурно,В 5м/с
-12,756,Пасмурно,В 3м/с,-16,758,Малооблачно,В 3м/с
-17,762,Ясно,ЮВ 2м/с,-18,762,Ясно,ЮВ 2м/с
-14,763,Малооблачно,ЮВ 2м/с,-16,764,Ясно,ЮВ 2м/с
-17,766,Ясно,Ш,-25,766,Ясно,Ш
-17,764,Малооблачно,ЮВ 1м/с,-18,764,Малооблачно,ЮВ 1м/с
-13,764,Ясно,В 2м/с,-14,763,Ясно,В 2м/с
-11,758,Ясно,ЮВ 4м/с,-14,757,Ясно,ЮВ 4м/с
-10,758,Ясно,ЮВ 2м/с,-13,759,Ясно,ЮВ 2м/с
-8,758,Ясно,В 3м/с,-12,758,Ясно,В 3м/с
-9,760,Ясно,ЮВ 2м/с,-12,761,Ясно,ЮВ 2м/с
-6,762,Ясно,СЗ 2м/с,-11,763,Ясно,СЗ 2м/с
-6,765,Ясно,СЗ 2м/с,-10,764,Ясно,СЗ 2м/с
-5,761,Ясно,З 1м/с,-10,760,Ясно,З 1м/с
-10,757,Малооблачно,Ю 2м/с,-13,757,Малооблачно,Ю 2м/с
-8,756,Малооблачно,Ю 2м/с,-13,755,Переменная облачность,Ю 2м/с
-8,751,Малооблачно,ЮВ 3м/с,-11,749,Ясно,ЮВ 3м/с
-10,746,Пасмурно,ЮВ 4м/с,-10,746,Малооблачно,ЮВ 4м/с
-9,745,Малооблачно,В 5м/с,-10,745,Переменная облачность,В 5м/с
-9,746,Переменная облачность,В 4м/с,-8,747,Пасмурно,В 4м/с
-3,749,Пасмурно,В 2м/с,-3,749,Пасмурно,В 2м/с
-1,745,Пасмурно,ЮВ 2м/с,-2,745,Переменная облачность,ЮВ 2м/с
-3,744,Переменная облачность,ЮВ 2м/с,-3,743,Пасмурно,ЮВ 2м/с
-3,740,Малооблачно,В 2м/с,-6,739,Ясно,В 2м/с
-4,736,Малооблачно,В 2м/с,-6,737,Пасмурно,В 2м/с
-3,741,Малооблачно,ЮВ 2м/с,-6,743,Переменная облачность,ЮВ 2м/с
-3,740,Переменная облачность,С 3м/с,-5,740,Малооблачно,С 3м/с
-3,741,Пасмурно,В 2м/с,-6,743,Переменная облачность,В 2м/с
-6,746,Пасмурно,В 2м/с,-9,746,Малооблачно,В 2м/с
-7,750,Переменная облачность,В 2м/с,-7,750,Переменная облачность,В 2м/с
-6,749,Переменная облачность,ЮВ 2м/с,-13,751,Ясно,ЮВ 2м/с
-13,754,Ясно,В 2м/с,-15,755,Ясно,В 2м/с
-10,756,Ясно,ЮВ 1м/с,-15,758,Ясно,ЮВ 1м/с
-12,755,Малооблачно,Ю 2м/с,-16,753,Малооблачно,Ю 2м/с
-11,740,Пасмурно,В 3м/с,-10,737,Пасмурно,В 3м/с
-5,728,Пасмурно,В 3м/с,-2,722,Пасмурно,В 3м/с
-1,736,Переменная облачность,З 2м/с,-5,739,Пасмурно,З 2м/с
-3,743,Малооблачно,СЗ 2м/с,-8,745,Пасмурно,СЗ 2м/с
-6,743,Пасмурно,З 3м/с,-6,742,Пасмурно,З 3м/с
1,742,Переменная облачность,З 4м/с,1,741,Пасмурно,З 4м/с
6,747,Ясно,СЗ 1м/с,-1,749,Переменная облачность,СЗ 1м/с
0,743,Пасмурно,Ю 3м/с,0,743,Пасмурно,Ю 3м/с
1,737,Переменная облачность,ЮЗ 5м/с,0,739,Пасмурно,ЮЗ 5м/с
3,742,Переменная облачность,СЗ 2м/с,-1,737,Пасмурно,СЗ 2м/с
0,742,Малооблачно,З 3м/с,-4,742,Ясно,З 3м/с
-2,740,Малооблачно,С 2м/с,-4,743,Малооблачно,С 2м/с
-1,747,Малооблачно,СЗ 3м/с,-4,749,Ясно,СЗ 3м/с
-3,747,Пасмурно,ЮВ 3м/с,-3,737,Пасмурно,ЮВ 3м/с
0,732,Пасмурно,ЮЗ 3м/с,-1,734,Пасмурно,ЮЗ 3м/с
-3,738,Пасмурно,З 3м/с,-5,742,Ясно,З 3м/с
-2,746,Ясно,ЮЗ 3м/с,-4,746,Переменная облачность,ЮЗ 3м/с
2,741,Пасмурно,ЮЗ 5м/с,3,742,Пасмурно,ЮЗ 5м/с
3,739,Переменная облачность,ЮВ 3м/с,1,738,Малооблачно,ЮВ 3м/с
3,736,Переменная облачность,Ю 2м/с,3,734,Пасмурно,Ю 2м/с
4,742,Пасмурно,З 3м/с,1,744,Ясно,З 3м/с
2,745,Пасмурно,ЮЗ 3м/с,1,748,Ясно,ЮЗ 3м/с
4,755,Переменная облачность,З 3м/с,0,756,Ясно,З 3м/с
8,751,Ясно,Ю 3м/с,7,749,Переменная облачность,Ю 3м/с
3,749,Пасмурно,С 1м/с,1,749,Пасмурно,С 1м/с
9,748,Ясно,ЮВ 2м/с,7,746,Ясно,ЮВ 2м/с
12,743,Малооблачно,ЮВ 3м/с,13,743,Пасмурно,ЮВ 3м/с
19,743,Переменная облачность,ЮВ 2м/с,15,742,Малооблачно,ЮВ 2м/с
22,746,Ясно,ЮВ 2м/с,18,745,Пасмурно,ЮВ 2м/с
12,746,Ясно,З 4м/с,8,749,Ясно,З 4м/с
14,750,Ясно,СВ 2м/с,12,749,Ясно,СВ 2м/с
21,740,Малооблачно,Ю 4м/с,14,743,Ясно,Ю 4м/с
17,749,Ясно,З 3м/с,14,750,Ясно,З 3м/с
20,752,Ясно,СВ 1м/с,17,751,Ясно,СВ 1м/с
25,748,Ясно,ЮВ 2м/с,20,747,Ясно,ЮВ 2м/с
29,746,Ясно,ЮВ 3м/с,23,745,Ясно,ЮВ 3м/с
25,744,Ясно,ЮЗ 3м/с,21,743,Переменная облачность,ЮЗ 3м/с
24,745,Ясно,СВ 2м/с,19,746,Ясно,СВ 2м/с
25,747,Ясно,В 3м/с,21,747,Ясно,В 3м/с
28,747,Малооблачно,ЮВ 3м/с,22,747,Ясно,ЮВ 3м/с
17,746,Пасмурно,В 1м/с,16,746,Ясно,В 1м/с
25,747,Малооблачно,ЮВ 1м/с,21,746,Ясно,ЮВ 1м/с
22,747,Переменная облачность,З 3м/с,16,749,Ясно,З 3м/с
23,752,Малооблачно,СЗ 1м/с,15,752,Ясно,СЗ 1м/с
25,751,Переменная облачность,С 2м/с,19,752,Малооблачно,С 2м/с
25,749,Малооблачно,З 1м/с,19,749,Ясно,З 1м/с
24,750,Ясно,СЗ 2м/с,19,749,Ясно,СЗ 2м/с
22,748,Малооблачно,З 3м/с,21,744,Ясно,З 3м/с
6,743,Пасмурно,С 2м/с,7,745,Переменная облачность,С 2м/с
11,745,Переменная облачность,С 2м/с,9,741,Переменная облачность,С 2м/с
14,740,Переменная облачность,С 3м/с,8,744,Переменная облачность,С 3м/с
13,740,Переменная облачность,З 2м/с,8,741,Малооблачно,З 2м/с
18,741,Переменная облачность,З 3м/с,10,746,Ясно,З 3м/с
16,751,Ясно,З 1м/с,8,751,Ясно,З 1м/с
21,751,Переменная облачность,Ю 3м/с,20,751,Малооблачно,Ю 3м/с
27,752,Ясно,З 2м/с,22,752,Ясно,З 2м/с
27,753,Ясно,З 2м/с,18,754,Ясно,З 2м/с
29,757,Малооблачно,З 2м/с,21,757,Малооблачно,З 2м/с
30,758,Переменная облачность,ЮЗ 3м/с,22,756,Малооблачно,ЮЗ 3м/с
26,755,Ясно,С 2м/с,19,754,Ясно,С 2м/с
21,748,Ясно,Ш,21,748,Ясно,Ш
29,746,Малооблачно,З 2м/с,20,746,Переменная облачность,З 2м/с
24,748,Переменная облачность,ЮВ 2м/с,17,749,Переменная облачность,ЮВ 2м/с
21,752,Ясно,СВ 3м/с,16,754,Ясно,СВ 3м/с
22,754,Переменная облачность,В 2м/с,17,754,Ясно,В 2м/с
21,753,Ясно,З 1м/с,18,752,Ясно,З 1м/с
25,754,Ясно,В 2м/с,16,755,Ясно,В 2м/с
27,758,Малооблачно,З 2м/с,17,758,Ясно,З 2м/с
27,758,Ясно,З 1м/с,19,757,Ясно,З 1м/с
27,755,Ясно,С 1м/с,19,754,Ясно,С 1м/с
27,752,Малооблачно,З 1м/с,23,749,Переменная облачность,З 1м/с
26,746,Переменная облачность,Ю 1м/с,22,745,Переменная облачность,Ю 1м/с
12,749,Пасмурно,С 4м/с,12,750,Малооблачно,С 4м/с
15,749,Переменная облачность,В 3м/с,15,749,Пасмурно,В 3м/с
21,743,Пасмурно,В 2м/с,20,742,Переменная облачность,В 2м/с
25,741,Малооблачно,З 2м/с,20,741,Переменная облачность,З 2м/с
18,743,Переменная облачность,З 3м/с,12,745,Ясно,З 3м/с
25,746,Малооблачно,З 2м/с,16,747,Ясно,З 2м/с
27,749,Переменная облачность,ЮЗ 2м/с,22,748,Малооблачно,ЮЗ 2м/с
23,746,Малооблачно,ЮВ 1м/с,22,746,Малооблачно,ЮВ 1м/с
26,746,Малооблачно,З 2м/с,22,746,Переменная облачность,З 2м/с
25,746,Малооблачно,З 2м/с,19,746,Ясно,З 2м/с
20,743,Пасмурно,З 5м/с,14,746,Ясно,З 5м/с
12,746,Переменная облачность,З 2м/с,11,748,Ясно,З 2м/с
21,749,Переменная облачность,ЮЗ 2м/с,19,749,Малооблачно,ЮЗ 2м/с
22,747,Малооблачно,Ш,21,746,Ясно,Ш
29,743,Малооблачно,В 2м/с,26,741,Переменная облачность,В 2м/с
33,741,Ясно,ЮЗ 3м/с,21,742,Переменная облачность,ЮЗ 3м/с
25,746,Переменная облачность,З 3м/с,18,746,Малооблачно,З 3м/с
24,749,Малооблачно,СЗ 3м/с,20,747,Переменная облачность,СЗ 3м/с
20,746,Пасмурно,З 1м/с,17,746,Малооблачно,З 1м/с
27,748,Малооблачно,З 2м/с,21,746,Ясно,З 2м/с
34,743,Малооблачно,ЮЗ 3м/с,24,744,Ясно,ЮЗ 3м/с
33,746,Ясно,ЮЗ 3м/с,28,746,Ясно,ЮЗ 3м/с
31,749,Ясно,СВ 2м/с,20,747,Пасмурно,СВ 2м/с
31,743,Ясно,В 3м/с,27,740,Малооблачно,В 3м/с
26,740,Переменная облачность,С 3м/с,21,742,Переменная облачность,С 3м/с
23,744,Пасмурно,СЗ 3м/с,20,744,Малооблачно,СЗ 3м/с
23,743,Переменная облачность,С 3м/с,19,743,Переменная облачность,С 3м/с
21,743,Малооблачно,СВ 2м/с,19,743,Переменная облачность,СВ 2м/с
26,743,Переменная облачность,СВ 2м/с,21,743,Малооблачно,СВ 2м/с
19,742,Пасмурно,Ш,18,743,Пасмурно,Ш
24,745,Ясно,С 3м/с,19,747,Ясно,С 3м/с
24,747,Ясно,С 2м/с,18,748,Ясно,С 2м/с
26,748,Ясно,С 2м/с,22,748,Ясно,С 2м/с
29,749,Малооблачно,Ю 3м/с,25,747,Ясно,Ю 3м/с
30,746,Малооблачно,ЮВ 1м/с,25,746,Ясно,ЮВ 1м/с
29,743,Малооблачно,В 2м/с,25,741,Малооблачно,В 2м/с
25,740,Малооблачно,СЗ 2м/с,19,742,Переменная облачность,СЗ 2м/с
26,746,Переменная облачность,З 2м/с,22,746,Переменная облачность,З 2м/с
24,749,Переменная облачность,С 3м/с,19,751,Ясно,С 3м/с
19,749,Пасмурно,СВ 2м/с,19,746,Переменная облачность,СВ 2м/с
25,747,Переменная облачность,ЮВ 2м/с,22,747,Переменная облачность,ЮВ 2м/с
28,749,Переменная облачность,ЮЗ 1м/с,21,749,Ясно,ЮЗ 1м/с
29,750,Ясно,СЗ 2м/с,22,749,Переменная облачность,СЗ 2м/с
27,749,Переменная облачность,СВ 2м/с,24,748,Ясно,СВ 2м/с
25,747,Ясно,В 2м/с,20,746,Ясно,В 2м/с
25,748,Ясно,СВ 2м/с,21,748,Ясно,СВ 2м/с
27,749,Ясно,С 2м/с,17,749,Ясно,С 2м/с
30,750,Ясно,З 2м/с,21,749,Ясно,З 2м/с
32,750,Ясно,В 1м/с,28,749,Ясно,В 1м/с
34,748,Малооблачно,СЗ 2м/с,29,746,Ясно,СЗ 2м/с
31,746,Переменная облачность,ЮВ 2м/с,27,745,Переменная облачность,ЮВ 2м/с
29,743,Малооблачно,В 2м/с,25,743,Малооблачно,В 2м/с
32,744,Малооблачно,З 2м/с,24,745,Ясно,З 2м/с
32,745,Малооблачно,ЮЗ 2м/с,23,744,Ясно,ЮЗ 2м/с
27,742,Пасмурно,Ю 3м/с,25,739,Ясно,Ю 3м/с
19,742,Переменная облачность,З 6м/с,16,745,Ясно,З 6м/с
22,746,Малооблачно,ЮЗ 3м/с,21,745,Переменная облачность,ЮЗ 3м/с
23,746,Малооблачно,ЮЗ 3м/с,22,746,Пасмурно,ЮЗ 3м/с
27,746,Переменная облачность,ЮЗ 3м/с,19,748,Ясно,ЮЗ 3м/с
26,752,Малооблачно,З 3м/с,18,754,Ясно,З 3м/с
29,753,Ясно,ЮЗ 3м/с,22,752,Малооблачно,ЮЗ 3м/с
23,750,Малооблачно,З 2м/с,19,750,Ясно,З 2м/с
24,750,Переменная облачность,З 2м/с,20,751,Малооблачно,З 2м/с
24,749,Малооблачно,СЗ 1м/с,21,749,Малооблачно,СЗ 1м/с
28,748,Ясно,ЮЗ 2м/с,23,746,Переменная облачность,ЮЗ 2м/с
25,748,Переменная облачность,СЗ 3м/с,21,749,Ясно,СЗ 3м/с
23,751,Малооблачно,С 3м/с,18,752,Ясно,С 3м/с
25,750,Ясно,СВ 3м/с,17,750,Малооблачно,СВ 3м/с
26,749,Переменная облачность,СЗ 2м/с,19,747,Ясно,СЗ 2м/с
30,749,Малооблачно,СЗ 1м/с,22,749,Ясно,СЗ 1м/с
32,750,Переменная облачность,З 3м/с,25,751,Малооблачно,З 3м/с
31,750,Ясно,С 2м/с,26,750,Ясно,С 2м/с
32,749,Ясно,СЗ 2м/с,26,749,Ясно,СЗ 2м/с
33,748,Ясно,СЗ 2м/с,22,748,Ясно,СЗ 2м/с
32,748,Ясно,С 1м/с,28,749,Ясно,С 1м/с
31,750,Малооблачно,СЗ 2м/с,26,750,Ясно,СЗ 2м/с
33,749,Ясно,С 1м/с,23,748,Ясно,С 1м/с
37,745,Ясно,З 1м/с,23,748,Пасмурно,З 1м/с
29,745,Малооблачно,С 2м/с,20,745,Переменная облачность,С 2м/с
22,747,Переменная облачность,СЗ 2м/с,21,748,Малооблачно,СЗ 2м/с
27,750,Малооблачно,СВ 2м/с,24,750,Ясно,СВ 2м/с
30,749,Ясно,СВ 2м/с,25,749,Ясно,СВ 2м/с
28,750,Переменная облачность,В 2м/с,25,751,Переменная облачность,В 2м/с
28,748,Ясно,В 3м/с,21,746,Пасмурно,В 3м/с
26,744,Ясно,З 2м/с,19,745,Ясно,З 2м/с
21,746,Переменная облачность,В 1м/с,19,745,Ясно,В 1м/с
26,740,Переменная облачность,ЮЗ 3м/с,19,740,Малооблачно,ЮЗ 3м/с
23,745,Переменная облачность,СЗ 2м/с,15,746,Ясно,СЗ 2м/с
25,744,Малооблачно,З 2м/с,20,742,Переменная облачность,З 2м/с
24,739,Малооблачно,З 2м/с,19,739,Переменная облачность,З 2м/с
19,738,Переменная облачность,З 1м/с,15,739,Переменная облачность,З 1м/с
22,741,Переменная облачность,С 2м/с,17,742,Ясно,С 2м/с
23,740,Малооблачно,З 3м/с,17,742,Переменная облачность,З 3м/с
21,744,Пасмурно,СЗ 3м/с,15,745,Ясно,СЗ 3м/с
20,744,Переменная облачность,З 1м/с,15,745,Пасмурно,З 1м/с
22,748,Ясно,СВ 2м/с,18,748,Ясно,СВ 2м/с
25,748,Ясно,ЮВ 1м/с,20,749,Ясно,ЮВ 1м/с
28,747,Переменная облачность,ЮВ 2м/с,23,745,Ясно,ЮВ 2м/с
24,741,Пасмурно,ЮЗ 3м/с,17,740,Переменная облачность,ЮЗ 3м/с
13,745,Переменная облачность,С 3м/с,12,747,Переменная облачность,С 3м/с
12,747,Переменная облачность,СЗ 2м/с,10,748,Переменная облачность,СЗ 2м/с
12,753,Переменная облачность,С 2м/с,7,754,Малооблачно,С 2м/с
16,751,Переменная облачность,З 2м/с,13,751,Пасмурно,З 2м/с
18,749,Малооблачно,СЗ 1м/с,15,748,Ясно,СЗ 1м/с
21,746,Переменная облачность,ЮВ 1м/с,16,747,Ясно,ЮВ 1м/с
23,748,Малооблачно,З 2м/с,15,748,Ясно,З 2м/с
24,743,Ясно,ЮЗ 2м/с,20,742,Ясно,ЮЗ 2м/с
15,742,Переменная облачность,СЗ 2м/с,9,744,Ясно,СЗ 2м/с
18,743,Переменная облачность,ЮЗ 3м/с,16,741,Переменная облачность,ЮЗ 3м/с
11,743,Пасмурно,З 4м/с,10,745,Пасмурно,З 4м/с
12,747,Пасмурно,З 3м/с,11,748,Пасмурно,З 3м/с
14,747,Переменная облачность,З 2м/с,11,745,Переменная облачность,З 2м/с
20,747,Переменная облачность,СЗ 2м/с,15,747,Ясно,СЗ 2м/с
24,749,Ясно,СЗ 2м/с,13,749,Ясно,СЗ 2м/с
26,748,Ясно,З 3м/с,20,747,Переменная облачность,З 3м/с
27,743,Малооблачно,З 3м/с,17,742,Ясно,З 3м/с
17,749,Переменная облачность,С 3м/с,11,750,Ясно,С 3м/с
18,752,Переменная облачность,СЗ 3м/с,12,753,Ясно,СЗ 3м/с
18,755,Малооблачно,СВ 1м/с,15,756,Ясно,СВ 1м/с
19,756,Ясно,В 2м/с,11,756,Ясно,В 2м/с
22,756,Ясно,В 1м/с,15,756,Ясно,В 1м/с
22,755,Ясно,Ю 2м/с,13,755,Ясно,Ю 2м/с
23,751,Ясно,ЮВ 2м/с,18,750,Ясно,ЮВ 2м/с
12,743,Пасмурно,ЮЗ 2м/с,11,744,Ясно,ЮЗ 2м/с
14,741,Переменная облачность,ЮЗ 5м/с,11,743,Пасмурно,ЮЗ 5м/с
13,748,Переменная облачность,ЮЗ 2м/с,13,750,Переменная облачность,ЮЗ 2м/с
15,753,Малооблачно,С 3м/с,8,755,Ясно,С 3м/с
14,757,Ясно,З 2м/с,10,756,Ясно,З 2м/с
14,751,Малооблачно,Ю 2м/с,14,751,Пасмурно,Ю 2м/с
18,752,Переменная облачность,Ш,12,751,Малооблачно,Ш
13,743,Пасмурно,З 6м/с,10,745,Переменная облачность,З 6м/с
10,754,Переменная облачность,СЗ 4м/с,8,755,Переменная облачность,СЗ 4м/с
12,755,Ясно,С 2м/с,6,756,Ясно,С 2м/с
9,756,Малооблачно,Ю 1м/с,8,755,Переменная облачность,Ю 1м/с
13,754,Малооблачно,Ю 1м/с,13,753,Малооблачно,Ю 1м/с
9,749,Переменная облачность,Ю 3м/с,11,748,Переменная облачность,Ю 3м/с
17,749,Ясно,З 2м/с,15,748,Ясно,З 2м/с
21,748,Ясно,Ю 3м/с,15,747,Ясно,Ю 3м/с
23,744,Ясно,ЮВ 2м/с,18,742,Переменная облачность,ЮВ 2м/с
12,746,Переменная облачность,ЮЗ 3м/с,10,750,Переменная облачность,ЮЗ 3м/с
15,754,Малооблачно,З 1м/с,10,754,Ясно,З 1м/с
13,750,Переменная облачность,В 2м/с,12,747,Переменная облачность,В 2м/с
10,742,Пасмурно,З 2м/с,8,743,Переменная облачность,З 2м/с
7,750,Пасмурно,СЗ 3м/с,6,753,Ясно,СЗ 3м/с
10,758,Ясно,З 3м/с,4,759,Ясно,З 3м/с
13,760,Ясно,Ш,10,760,Пасмурно,Ш
10,758,Малооблачно,В 2м/с,9,758,Переменная облачность,В 2м/с
15,759,Переменная облачность,ЮЗ 2м/с,14,760,Пасмурно,ЮЗ 2м/с
17,761,Ясно,ЮЗ 3м/с,12,761,Ясно,ЮЗ 3м/с
17,756,Ясно,ЮЗ 4м/с,13,755,Ясно,ЮЗ 4м/с
13,754,Переменная облачность,З 2м/с,12,750,Переменная облачность,З 2м/с
11,747,Пасмурно,З 2м/с,4,750,Переменная облачность,З 2м/с
1,756,Переменная облачность,С 2м/с,1,757,Малооблачно,С 2м/с
3,752,Переменная облачность,В 1м/с,3,751,Малооблачно,В 1м/с
3,748,Переменная облачность,З 2м/с,3,747,Малооблачно,З 2м/с
4,739,Пасмурно,Ю 2м/с,5,738,Пасмурно,Ю 2м/с
6,753,Переменная облачность,ЮВ 2м/с,6,753,Переменная облачность,ЮВ 2м/с
14,747,Пасмурно,Ю 4м/с,10,747,Пасмурно,Ю 4м/с
2,753,Пасмурно,В 2м/с,2,752,Пасмурно,В 2м/с
14,750,Малооблачно,ЮВ 3м/с,13,751,Переменная облачность,ЮВ 3м/с
6,756,Переменная облачность,З 1м/с,3,757,Пасмурно,З 1м/с
1,758,Переменная облачность,С 1м/с,1,759,Малооблачно,С 1м/с
4,757,Ясно,З 2м/с,0,756,Ясно,З 2м/с
2,754,Пасмурно,ЮЗ 3м/с,3,754,Пасмурно,ЮЗ 3м/с
7,752,Пасмурно,ЮЗ 2м/с,5,752,Пасмурно,ЮЗ 2м/с
11,748,Переменная облачность,ЮВ 1м/с,10,746,Пасмурно,ЮВ 1м/с
8,744,Переменная облачность,Ш,5,745,Переменная облачность,Ш
6,743,Переменная облачность,ЮЗ 3м/с,4,743,Пасмурно,ЮЗ 3м/с
3,748,Переменная облачность,ЮЗ 2м/с,5,748,Переменная облачность,ЮЗ 2м/с
2,749,Пасмурно,СЗ 3м/с,-1,752,Пасмурно,СЗ 3м/с
0,760,Переменная облачность,С 3м/с,-1,760,Переменная облачность,С 3м/с
-1,761,Малооблачно,ЮЗ 2м/с,-1,759,Пасмурно,ЮЗ 2м/с
0,753,Пасмурно,ЮЗ 4м/с,1,752,Пасмурно,ЮЗ 4м/с
1,748,Малооблачно,СЗ 3м/с,0,748,Переменная облачность,СЗ 3м/с
0,748,Переменная облачность,З 1м/с,-1,746,Пасмурно,З 1м/с
4,737,Пасмурно,ЮЗ 5м/с,1,740,Пасмурно,ЮЗ 5м/с
1,750,Переменная облачность,С 2м/с,0,754,Переменная облачность,С 2м/с
0,758,Переменная облачность,З 2м/с,0,759,Пасмурно,З 2м/с
1,760,Пасмурно,ЮЗ 2м/с,1,761,Пасмурно,ЮЗ 2м/с
2,762,Малооблачно,З 2м/с,2,762,Переменная облачность,З 2м/с
2,762,Пасмурно,З 2м/с,2,763,Пасмурно,З 2м/с
1,765,Малооблачно,З 1м/с,0,765,Пасмурно,З 1м/с
1,764,Переменная облачность,ЮЗ 3м/с,0,763,Пасмурно,ЮЗ 3м/с
-1,759,Переменная облачность,З 2м/с,-1,759,Переменная облачность,З 2м/с
-2,760,Пасмурно,ЮВ 1м/с,-3,759,Пасмурно,ЮВ 1м/с
-3,754,Пасмурно,Ю 2м/с,-3,752,Пасмурно,Ю 2м/с
-1,747,Пасмурно,ЮЗ 2м/с,-1,746,Пасмурно,ЮЗ 2м/с
-3,749,Переменная облачность,СЗ 1м/с,-3,750,Переменная облачность,СЗ 1м/с
-4,752,Пасмурно,Ш,-5,751,Пасмурно,Ш
-3,752,Пасмурно,В 4м/с,-2,750,Пасмурно,В 4м/с
4,749,Ясно,ЮЗ 1м/с,5,750,Ясно,ЮЗ 1м/с
4,749,Малооблачно,В 2м/с,6,745,Пасмурно,В 2м/с
2,749,Пасмурно,СЗ 2м/с,0,750,Пасмурно,СЗ 2м/с
2,742,Пасмурно,В 4м/с,5,739,Переменная облачность,В 4м/с
3,744,Пасмурно,С 1м/с,1,747,Переменная облачность,С 1м/с
-1,751,Переменная облачность,СВ 2м/с,-3,751,Переменная облачность,СВ 2м/с
1,749,Переменная облачность,В 3м/с,0,749,Пасмурно,В 3м/с
0,754,Малооблачно,В 2м/с,0,756,Малооблачно,В 2м/с
-2,761,Малооблачно,В 2м/с,-3,762,Переменная облачность,В 2м/с
-6,765,Ясно,В 2м/с,-9,766,Ясно,В 2м/с
-12,766,Ясно,В 2м/с,-13,767,Ясно,В 2м/с
-11,769,Ясно,В 2м/с,-11,769,Переменная облачность,В 2м/с
-12,774,Ясно,В 4м/с,-14,774,Ясно,В 4м/с
-12,775,Ясно,СВ 1м/с,-13,775,Ясно,СВ 1м/с
-12,777,Ясно,С 1м/с,-15,775,Ясно,С 1м/с
-10,768,Малооблачно,СВ 2м/с,-15,768,Ясно,СВ 2м/с
-14,770,Малооблачно,ЮВ 2м/с,-16,771,Ясно,ЮВ 2м/с
-15,774,Ясно,В 2м/с,-17,775,Ясно,В 2м/с
-15,776,Ясно,В 1м/с,-16,775,Ясно,В 1м/с
-15,772,Ясно,В 3м/с,-15,770,Ясно,В 3м/с
-11,763,Ясно,СВ 2м/с,-14,761,Ясно,СВ 2м/с
-15,757,Ясно,С 1м/с,-18,757,Ясно,С 1м/с
-22,756,Малооблачно,СЗ 3м/с,-23,756,Малооблачно,СЗ 3м/с
-18,760,Ясно,СЗ 2м/с,-18,761,Ясно,СЗ 2м/с
-13,763,Ясно,Ш,-14,763,Ясно,Ш
-9,756,Пасмурно,ЮЗ 3м/с,-7,752,Пасмурно,ЮЗ 3м/с
-5,752,Пасмурно,ЮЗ 3м/с,-5,749,Пасмурно,ЮЗ 3м/с
2,749,Переменная облачность,ЮЗ 2м/с,1,751,Переменная облачность,ЮЗ 2м/с
-3,749,Переменная облачность,Ю 2м/с,-2,748,Пасмурно,Ю 2м/с
-9,746,Ясно,З 1м/с,-9,746,Пасмурно,З 1м/с
-8,748,Пасмурно,СЗ 1м/с,-8,748,Переменная облачность,СЗ 1м/с
-8,750,Ясно,З 1м/с,-10,752,Ясно,З 1м/с
-10,756,Ясно,З 1м/с,-12,755,Ясно,З 1м/с
-8,751,Пасмурно,В 2м/с,-5,749,Пасмурно,В 2м/с
-1,744,Пасмурно,З 3м/с,-1,745,Пасмурно,З 3м/с
-1,746,Малооблачно,З 2м/с,-3,746,Пасмурно,З 2м/с
-5,748,Переменная облачность,В 2м/с,-4,748,Переменная облачность,В 2м/с
-5,752,Пасмурно,В 2м/с,-6,753,Переменная облачность,В 2м/с
-8,752,Малооблачно,В 2м/с,-9,751,Переменная облачность,В 2м/с
-7,745,Ясно,С 3м/с,-10,745,Малооблачно,С 3м/с
-10,747,Малооблачно,С 1м/с,-13,747,Ясно,С 1м/с
-13,750,Ясно,Ш,-17,751,Ясно,Ш
-16,753,Ясно,З 2м/с,-18,753,Ясно,З 2м/с
-12,746,Ясно,З 2м/с,-12,745,Пасмурно,З 2м/с
-10,746,Переменная облачность,З 3м/с,-11,747,Ясно,З 3м/с
-5,749,Пасмурно,З 2м/с,-8,751,Пасмурно,З 2м/с
-7,753,Переменная облачность,З 2м/с,-9,753,Переменная облачность,З 2м/с
-10,753,Пасмурно,ЮВ 3м/с,-10,754,Пасмурно,ЮВ 3м/с
-7,751,Пасмурно,ЮВ 3м/с,-7,749,Переменная облачность,ЮВ 3м/с
-5,746,Переменная облачность,Ю 2м/с,-4,746,Пасмурно,Ю 2м/с
1,743,Пасмурно,Ю 1м/с,1,743,Пасмурно,Ю 1м/с
-3,742,Пасмурно,Ю 1м/с,-3,739,Пасмурно,Ю 1м/с
-9,738,Малооблачно,З 3м/с,-14,741,Ясно,З 3м/с
-13,745,Ясно,З 2м/с,-15,745,Ясно,З 2м/с
-11,743,Пасмурно,СВ 2м/с,-11,741,Пасмурно,СВ 2м/с
-11,743,Малооблачно,З 3м/с,-15,746,Переменная облачность,З 3м/с
-12,756,Ясно,З 1м/с,-19,758,Ясно,З 1м/с
-15,760,Ясно,З 2м/с,-19,760,Ясно,З 2м/с
-14,761,Ясно,В 1м/с,-18,762,Ясно,В 1м/с
-15,759,Ясно,В 2м/с,-18,759,Ясно,В 2м/с
-13,757,Ясно,В 3м/с,-11,756,Переменная облачность,В 3м/с
-4,749,Ясно,В 4м/с,-5,747,Ясно,В 4м/с
-5,743,Малооблачно,СЗ 1м/с,-12,743,Ясно,СЗ 1м/с
-8,747,Переменная облачность,В 1м/с,-8,750,Переменная облачность,В 1м/с
-3,754,Пасмурно,ЮВ 1м/с,-2,755,Пасмурно,ЮВ 1м/с
-1,749,Пасмурно,ЮВ 3м/с,-2,745,Малооблачно,ЮВ 3м/с
0,745,Переменная облачность,ЮЗ 3м/с,-1,747,Переменная облачность,ЮЗ 3м/с
-1,754,Ясно,З 2м/с,-5,756,Ясно,З 2м/с
-4,761,Ясно,ЮВ 2м/с,-7,761,Ясно,ЮВ 2м/с
-5,763,Малооблачно,ЮВ 2м/с,-7,764,Ясно,ЮВ 2м/с
-5,766,Малооблачно,В 2м/с,-9,766,Ясно,В 2м/с
-6,764,Ясно,ЮВ 2м/с,-7,764,Ясно,ЮВ 2м/с
-6,762,Ясно,ЮВ 3м/с,-8,762,Ясно,ЮВ 3м/с
-4,761,Ясно,ЮВ 2м/с,-7,762,Ясно,ЮВ 2м/с
-4,763,Ясно,ЮВ 1м/с,-8,763,Ясно,ЮВ 1м/с
-6,765,Ясно,В 2м/с,-9,764,Ясно,В 2м/с
-5,762,Малооблачно,В 3м/с,-8,761,Ясно,В 3м/с
-6,757,Ясно,В 4м/с,-6,755,Ясно,В 4м/с
-1,753,Ясно,В 3м/с,-3,753,Ясно,В 3м/с
-5,750,Малооблачно,ЮВ 2м/с,-9,749,Малооблачно,ЮВ 2м/с
-6,750,Малооблачно,ЮВ 2м/с,-9,751,Малооблачно,ЮВ 2м/с
-9,753,Ясно,З 2м/с,-13,754,Ясно,З 2м/с
-8,755,Ясно,ЮЗ 2м/с,-10,755,Переменная облачность,ЮЗ 2м/с
-8,753,Ясно,З 2м/с,-12,753,Ясно,З 2м/с
-7,758,Малооблачно,СЗ 2м/с,-12,760,Ясно,СЗ 2м/с
-4,758,Ясно,ЮЗ 3м/с,-7,760,Переменная облачность,ЮЗ 3м/с
-3,759,Переменная облачность,З 3м/с,-6,759,Ясно,З 3м/с
-2,758,Пасмурно,З 2м/с,-5,755,Пасмурно,З 2м/с
-5,741,Пасмурно,З 3м/с,-9,744,Ясно,З 3м/с
-9,743,Пасмурно,ЮЗ 6м/с,-8,738,Пасмурно,ЮЗ 6м/с
1,735,Пасмурно,ЮЗ 2м/с,0,733,Пасмурно,ЮЗ 2м/с
1,734,Пасмурно,З 4м/с,-10,740,Переменная облачность,З 4м/с
-7,742,Малооблачно,СЗ 3м/с,-14,745,Ясно,СЗ 3м/с
-10,746,Пасмурно,В 4м/с,-12,748,Пасмурно,В 4м/с
-9,747,Ясно,С 2м/с,-13,748,Малооблачно,С 2м/с
-14,754,Ясно,С 3м/с,-18,755,Ясно,С 3м/с
-2,740,Пасмурно,ЮЗ 5м/с,0,740,Переменная облачность,ЮЗ 5м/с
-2,742,Ясно,СЗ 3м/с,-9,746,Переменная облачность,СЗ 3м/с
-6,754,Ясно,З 2м/с,-11,755,Ясно,З 2м/с
-10,746,Пасмурно,В 2м/с,-9,744,Пасмурно,В 2м/с
-6,746,Ясно,СВ 2м/с,-8,746,Переменная облачность,СВ 2м/с
-5,740,Малооблачно,СВ 2м/с,-9,742,Переменная облачность,СВ 2м/с
-4,743,Ясно,СЗ 2м/с,-8,744,Ясно,СЗ 2м/с
1,749,Ясно,СВ 1м/с,-4,751,Ясно,СВ 1м/с
0,755,Ясно,Ю 2м/с,-1,753,Переменная облачность,Ю 2м/с
3,748,Пасмурно,ЮВ 3м/с,5,748,Ясно,ЮВ 3м/с
2,748,Пасмурно,В 2м/с,2,747,Пасмурно,В 2м/с
3,744,Пасмурно,В 3м/с,3,742,Пасмурно,В 3м/с
0,742,Переменная облачность,ЮЗ 3м/с,-2,745,Пасмурно,ЮЗ 3м/с
1,−,Переменная облачность,З 2м/с,0,748,Пасмурно,З 2м/с
2,742,Пасмурно,ЮЗ 3м/с,1,743,Пасмурно,ЮЗ 3м/с
-2,749,Пасмурно,С 1м/с,-4,751,Малооблачно,С 1м/с
-1,751,Малооблачно,В 3м/с,-3,750,Малооблачно,В 3м/с
5,742,Переменная облачность,В 3м/с,3,742,Пасмурно,В 3м/с
-2,740,Переменная облачность,ЮЗ 2м/с,-4,740,Переменная облачность,ЮЗ 2м/с
-3,738,Переменная облачность,ЮЗ 3м/с,-4,739,Ясно,ЮЗ 3м/с
-2,744,Переменная облачность,ЮЗ 3м/с,-3,746,Переменная облачность,ЮЗ 3м/с
1,749,Малооблачно,ЮЗ 2м/с,-4,750,Ясно,ЮЗ 2м/с
-3,754,Переменная облачность,СЗ 2м/с,-5,756,Ясно,СЗ 2м/с
2,760,Ясно,З 2м/с,-1,760,Ясно,З 2м/с
2,759,Ясно,Ю 3м/с,1,757,Ясно,Ю 3м/с
3,756,Пасмурно,Ю 2м/с,4,756,Переменная облачность,Ю 2м/с
11,755,Ясно,Ю 2м/с,7,754,Ясно,Ю 2м/с
12,754,Ясно,ЮВ 2м/с,10,753,Ясно,ЮВ 2м/с
13,753,Ясно,В 3м/с,6,754,Ясно,В 3м/с
11,751,Ясно,В 3м/с,11,751,Ясно,В 3м/с
18,744,Переменная облачность,ЮЗ 3м/с,12,743,Переменная облачность,ЮЗ 3м/с
13,740,Переменная облачность,Ю 1м/с,9,739,Переменная облачность,Ю 1м/с
5,744,Переменная облачность,З 2м/с,3,745,Переменная облачность,З 2м/с
2,745,Пасмурно,С 2м/с,1,747,Пасмурно,С 2м/с
8,751,Малооблачно,СВ 4м/с,5,749,Переменная облачность,СВ 4м/с
2,749,Переменная облачность,СЗ 3м/с,1,751,Переменная облачность,СЗ 3м/с
2,753,Переменная облачность,С 1м/с,0,752,Переменная облачность,С 1м/с
1,753,Пасмурно,СЗ 3м/с,0,754,Пасмурно,СЗ 3м/с
2,755,Переменная облачность,С 2м/с,2,757,Переменная облачность,С 2м/с
9,759,Ясно,С 2м/с,5,761,Ясно,С 2м/с
13,759,Ясно,З 2м/с,11,757,Ясно,З 2м/с
17,753,Малооблачно,СЗ 4м/с,12,754,Ясно,СЗ 4м/с
18,753,Ясно,З 3м/с,16,752,Ясно,З 3м/с
21,750,Ясно,ЮЗ 2м/с,13,750,Ясно,ЮЗ 2м/с
23,748,Ясно,З 3м/с,12,747,Переменная облачность,З 3м/с
24,743,Малооблачно,ЮЗ 2м/с,19,743,Переменная облачность,ЮЗ 2м/с
17,743,Малооблачно,С 2м/с,12,744,Переменная облачность,С 2м/с
17,744,Ясно,С 3м/с,10,745,Ясно,С 3м/с
15,744,Ясно,С 2м/с,12,743,Ясно,С 2м/с
12,742,Переменная облачность,Ю 2м/с,9,742,Пасмурно,Ю 2м/с
8,737,Переменная облачность,С 2м/с,8,739,Ясно,С 2м/с
13,743,Малооблачно,З 4м/с,12,741,Малооблачно,З 4м/с
15,742,Пасмурно,СЗ 2м/с,13,743,Переменная облачность,СЗ 2м/с
11,747,Переменная облачность,СЗ 4м/с,9,752,Ясно,СЗ 4м/с
15,756,Ясно,З 2м/с,13,754,Ясно,З 2м/с
18,752,Малооблачно,СЗ 2м/с,15,751,Переменная облачность,СЗ 2м/с
18,754,Ясно,С 2м/с,9,756,Ясно,С 2м/с
20,755,Ясно,З 3м/с,16,753,Ясно,З 3м/с
18,753,Малооблачно,СВ 2м/с,15,753,Ясно,СВ 2м/с
25,749,Малооблачно,ЮЗ 2м/с,23,747,Переменная облачность,ЮЗ 2м/с
19,743,Переменная облачность,З 2м/с,11,746,Ясно,З 2м/с
13,750,Переменная облачность,С 4м/с,10,752,Ясно,С 4м/с
18,752,Ясно,С 2м/с,10,751,Ясно,С 2м/с
22,751,Ясно,СЗ 2м/с,13,752,Ясно,СЗ 2м/с
23,750,Ясно,ЮЗ 4м/с,21,748,Ясно,ЮЗ 4м/с
26,745,Переменная облачность,З 4м/с,16,748,Ясно,З 4м/с
23,747,Малооблачно,ЮВ 2м/с,21,746,Малооблачно,ЮВ 2м/с
27,747,Малооблачно,СЗ 1м/с,22,748,Ясно,СЗ 1м/с
28,748,Ясно,ЮВ 1м/с,18,748,Ясно,ЮВ 1м/с
27,749,Переменная облачность,СЗ 3м/с,18,750,Малооблачно,СЗ 3м/с
31,750,Малооблачно,З 2м/с,23,750,Ясно,З 2м/с
27,750,Малооблачно,СЗ 3м/с,20,750,Ясно,СЗ 3м/с
21,749,Ясно,СЗ 3м/с,15,749,Малооблачно,СЗ 3м/с
16,751,Ясно,СВ 3м/с,12,752,Ясно,СВ 3м/с
20,749,Ясно,З 3м/с,16,746,Ясно,З 3м/с
16,745,Малооблачно,С 3м/с,11,747,Ясно,С 3м/с
15,751,Ясно,СЗ 2м/с,13,751,Ясно,СЗ 2м/с
15,753,Пасмурно,ЮВ 2м/с,14,754,Переменная облачность,ЮВ 2м/с
23,754,Малооблачно,ЮВ 3м/с,20,753,Ясно,ЮВ 3м/с
28,751,Ясно,Ю 2м/с,23,751,Ясно,Ю 2м/с
29,749,Малооблачно,Ю 2м/с,25,748,Ясно,Ю 2м/с
28,748,Переменная облачность,СЗ 1м/с,24,748,Переменная облачность,СЗ 1м/с
29,747,Переменная облачность,СВ 2м/с,26,748,Пасмурно,СВ 2м/с
24,750,Переменная облачность,З 2м/с,19,749,Переменная облачность,З 2м/с
27,746,Малооблачно,В 3м/с,18,746,Пасмурно,В 3м/с
21,745,Малооблачно,ЮВ 2м/с,18,745,Малооблачно,ЮВ 2м/с
19,746,Пасмурно,В 1м/с,18,745,Ясно,В 1м/с
24,745,Малооблачно,ЮВ 2м/с,18,746,Малооблачно,ЮВ 2м/с
26,745,Малооблачно,СВ 2м/с,20,745,Ясно,СВ 2м/с
27,745,Малооблачно,СЗ 2м/с,15,745,Ясно,СЗ 2м/с
20,744,Переменная облачность,З 3м/с,15,746,Переменная облачность,З 3м/с
19,746,Малооблачно,З 3м/с,13,747,Ясно,З 3м/с
21,748,Переменная облачность,СВ 2м/с,16,749,Малооблачно,СВ 2м/с
24,748,Переменная облачность,З 2м/с,14,747,Малооблачно,З 2м/с
21,746,Малооблачно,С 1м/с,16,746,Ясно,С 1м/с
25,748,Малооблачно,З 2м/с,15,748,Ясно,З 2м/с
29,749,Малооблачно,ЮЗ 2м/с,19,748,Ясно,ЮЗ 2м/с
31,748,Ясно,З 3м/с,21,747,Ясно,З 3м/с
21,749,Переменная облачность,СЗ 1м/с,18,750,Ясно,СЗ 1м/с
22,754,Ясно,СВ 2м/с,18,755,Ясно,СВ 2м/с
24,755,Ясно,С 1м/с,14,754,Ясно,С 1м/с
30,752,Ясно,З 1м/с,21,751,Ясно,З 1м/с
33,749,Ясно,Ю 2м/с,27,747,Малооблачно,Ю 2м/с
32,745,Ясно,Ю 2м/с,27,744,Переменная облачность,Ю 2м/с
26,743,Малооблачно,С 2м/с,22,742,Пасмурно,С 2м/с
29,741,Переменная облачность,ЮЗ 3м/с,24,742,Переменная облачность,ЮЗ 3м/с
23,743,Пасмурно,Ю 3м/с,19,745,Переменная облачность,Ю 3м/с
19,748,Переменная облачность,В 2м/с,16,747,Пасмурно,В 2м/с
25,744,Переменная облачность,СЗ 2м/с,20,744,Малооблачно,СЗ 2м/с
29,743,Переменная облачность,СВ 4м/с,26,744,Малооблачно,СВ 4м/с
30,746,Малооблачно,СВ 2м/с,26,747,Ясно,СВ 2м/с
32,748,Ясно,В 2м/с,25,749,Переменная облачность,В 2м/с
31,748,Малооблачно,С 2м/с,22,748,Переменная облачность,С 2м/с
23,748,Пасмурно,В 2м/с,24,747,Малооблачно,В 2м/с
33,744,Малооблачно,СЗ 3м/с,24,744,Ясно,СЗ 3м/с
27,744,Ясно,СВ 3м/с,22,744,Ясно,СВ 3м/с
27,747,Малооблачно,ЮВ 1м/с,22,747,Ясно,ЮВ 1м/с
27,747,Ясно,СВ 2м/с,23,747,Ясно,СВ 2м/с
27,747,Ясно,С 2м/с,22,748,Ясно,С 2м/с
26,750,Малооблачно,В 2м/с,22,751,Переменная облачность,В 2м/с
29,750,Переменная облачность,СВ 1м/с,24,750,Переменная облачность,СВ 1м/с
33,750,Ясно,З 2м/с,22,750,Ясно,З 2м/с
32,750,Малооблачно,СВ 2м/с,28,750,Ясно,СВ 2м/с
25,748,Переменная облачность,Ю 1м/с,25,746,Пасмурно,Ю 1м/с
26,741,Малооблачно,З 2м/с,22,741,Малооблачно,З 2м/с
23,738,Переменная облачность,З 2м/с,19,738,Пасмурно,З 2м/с
24,738,Ясно,Ю 1м/с,19,740,Ясно,Ю 1м/с
26,741,Переменная облачность,СЗ 1м/с,23,742,Ясно,СЗ 1м/с
28,743,Переменная облачность,СЗ 3м/с,22,744,Малооблачно,СЗ 3м/с
24,747,Малооблачно,СЗ 3м/с,19,748,Ясно,СЗ 3м/с
26,749,Ясно,З 2м/с,16,749,Ясно,З 2м/с
29,746,Ясно,З 3м/с,24,745,Малооблачно,З 3м/с
27,741,Малооблачно,ЮВ 1м/с,19,742,Малооблачно,ЮВ 1м/с
24,744,Переменная облачность,СЗ 4м/с,20,745,Малооблачно,СЗ 4м/с
25,745,Переменная облачность,С 1м/с,20,745,Малооблачно,С 1м/с
28,744,Малооблачно,СВ 1м/с,18,745,Ясно,СВ 1м/с
30,741,Ясно,СЗ 1м/с,20,740,Ясно,СЗ 1м/с
23,739,Переменная облачность,З 2м/с,15,741,Ясно,З 2м/с
25,744,Переменная облачность,З 2м/с,22,744,Переменная облачность,З 2м/с
24,742,Малооблачно,ЮВ 2м/с,18,742,Переменная облачность,ЮВ 2м/с
20,740,Переменная облачность,З 2м/с,17,740,Ясно,З 2м/с
20,738,Малооблачно,Ю 2м/с,19,737,Переменная облачность,Ю 2м/с
19,737,Пасмурно,СВ 2м/с,15,739,Ясно,СВ 2м/с
26,741,Переменная облачность,З 3м/с,17,742,Ясно,З 3м/с
25,742,Малооблачно,ЮВ 1м/с,18,743,Малооблачно,ЮВ 1м/с
27,741,Малооблачно,ЮВ 2м/с,22,741,Ясно,ЮВ 2м/с
24,737,Пасмурно,З 2м/с,20,736,Малооблачно,З 2м/с
19,733,Пасмурно,З 1м/с,18,733,Переменная облачность,З 1м/с
21,735,Переменная облачность,СЗ 2м/с,20,737,Переменная облачность,СЗ 2м/с
23,740,Переменная облачность,З 2м/с,19,741,Ясно,З 2м/с
26,742,Переменная облачность,З 2м/с,18,742,Пасмурно,З 2м/с
21,743,Переменная облачность,СВ 1м/с,23,743,Переменная облачность,СВ 1м/с
28,742,Малооблачно,С 2м/с,21,743,Малооблачно,С 2м/с
18,744,Переменная облачность,С 2м/с,16,745,Переменная облачность,С 2м/с
20,744,Пасмурно,С 2м/с,18,745,Переменная облачность,С 2м/с
23,745,Переменная облачность,С 2м/с,20,746,Ясно,С 2м/с
26,745,Ясно,СВ 2м/с,18,746,Ясно,СВ 2м/с
29,748,Ясно,З 1м/с,19,748,Ясно,З 1м/с
30,750,Ясно,З 3м/с,19,750,Ясно,З 3м/с
31,750,Ясно,З 1м/с,22,751,Ясно,З 1м/с
33,751,Малооблачно,З 3м/с,22,752,Ясно,З 3м/с
34,752,Малооблачно,Ш,26,752,Ясно,Ш
32,751,Малооблачно,Ю 3м/с,23,751,Малооблачно,Ю 3м/с
29,750,Малооблачно,С 1м/с,22,751,Переменная облачность,С 1м/с
22,750,Переменная облачность,С 3м/с,19,751,Малооблачно,С 3м/с
20,750,Переменная облачность,В 1м/с,18,750,Пасмурно,В 1м/с
24,750,Малооблачно,С 2м/с,20,751,Переменная облачность,С 2м/с
25,751,Переменная облачность,СВ 2м/с,21,751,Ясно,СВ 2м/с
27,750,Малооблачно,С 1м/с,21,751,Ясно,С 1м/с
28,750,Переменная облачность,СЗ 2м/с,17,750,Ясно,СЗ 2м/с
29,748,Малооблачно,З 2м/с,19,748,Ясно,З 2м/с
27,747,Переменная облачность,Ю 1м/с,19,747,Малооблачно,Ю 1м/с
21,744,Малооблачно,С 2м/с,12,746,Пасмурно,С 2м/с
17,750,Переменная облачность,С 3м/с,12,752,Переменная облачность,С 3м/с
17,754,Переменная облачность,С 2м/с,10,754,Ясно,С 2м/с
22,753,Ясно,З 2м/с,15,753,Ясно,З 2м/с
23,752,Ясно,З 2м/с,19,752,Ясно,З 2м/с
28,749,Ясно,Ю 2м/с,22,747,Переменная облачность,Ю 2м/с
20,745,Пасмурно,ЮВ 2м/с,15,744,Пасмурно,ЮВ 2м/с
18,743,Переменная облачность,ЮЗ 3м/с,16,745,Переменная облачность,ЮЗ 3м/с
21,745,Пасмурно,З 3м/с,18,746,Ясно,З 3м/с
22,746,Переменная облачность,СВ 1м/с,18,745,Малооблачно,СВ 1м/с
24,744,Малооблачно,В 2м/с,19,743,Пасмурно,В 2м/с
20,744,Переменная облачность,Ю 2м/с,16,748,Малооблачно,Ю 2м/с
18,752,Переменная облачность,ЮВ 1м/с,14,752,Ясно,ЮВ 1м/с
20,750,Переменная облачность,ЮВ 1м/с,16,749,Пасмурно,ЮВ 1м/с
20,748,Переменная облачность,З 2м/с,14,747,Ясно,З 2м/с
14,742,Пасмурно,В 1м/с,13,743,Пасмурно,В 1м/с
15,748,Переменная облачность,СВ 2м/с,13,750,Переменная облачность,СВ 2м/с
18,752,Малооблачно,С 1м/с,15,753,Переменная облачность,С 1м/с
18,753,Переменная облачность,СЗ 1м/с,12,754,Ясно,СЗ 1м/с
19,754,Переменная облачность,ЮВ 1м/с,11,754,Ясно,ЮВ 1м/с
20,753,Малооблачно,Ю 1м/с,16,752,Малооблачно,Ю 1м/с
20,750,Переменная облачность,В 1м/с,17,749,Малооблачно,В 1м/с
15,749,Переменная облачность,ЮВ 2м/с,13,749,Пасмурно,ЮВ 2м/с
13,750,Ясно,В 3м/с,12,750,Малооблачно,В 3м/с
14,751,Малооблачно,В 3м/с,11,751,Переменная облачность,В 3м/с
14,750,Пасмурно,В 2м/с,14,750,Переменная облачность,В 2м/с
11,747,Переменная облачность,ЮВ 3м/с,10,746,Ясно,ЮВ 3м/с
16,745,Пасмурно,Ю 1м/с,13,743,Переменная облачность,Ю 1м/с
14,737,Переменная облачность,Ю 2м/с,12,737,Малооблачно,Ю 2м/с
12,733,Пасмурно,Ю 2м/с,10,733,Малооблачно,Ю 2м/с
11,733,Переменная облачность,ЮЗ 2м/с,9,734,Пасмурно,ЮЗ 2м/с
9,740,Пасмурно,З 3м/с,6,742,Переменная облачность,З 3м/с
8,744,Переменная облачность,Ю 1м/с,5,740,Пасмурно,Ю 1м/с
4,737,Пасмурно,З 5м/с,5,743,Переменная облачность,З 5м/с
9,744,Переменная облачность,ЮЗ 3м/с,6,743,Переменная облачность,ЮЗ 3м/с
8,744,Переменная облачность,З 2м/с,5,745,Переменная облачность,З 2м/с
4,747,Пасмурно,З 3м/с,2,749,Переменная облачность,З 3м/с
5,753,Переменная облачность,СВ 1м/с,-1,754,Ясно,СВ 1м/с
2,753,Пасмурно,СВ 2м/с,1,754,Пасмурно,СВ 2м/с
2,755,Малооблачно,СВ 3м/с,2,754,Переменная облачность,СВ 3м/с
3,750,Переменная облачность,СВ 2м/с,1,749,Переменная облачность,СВ 2м/с
2,751,Пасмурно,З 2м/с,2,752,Переменная облачность,З 2м/с
12,751,Ясно,З 4м/с,8,750,Переменная облачность,З 4м/с
9,749,Переменная облачность,З 2м/с,9,750,Пасмурно,З 2м/с
13,754,Малооблачно,З 2м/с,11,755,Переменная облачность,З 2м/с
12,756,Переменная облачность,З 3м/с,11,758,Малооблачно,З 3м/с
12,759,Переменная облачность,ЮЗ 1м/с,10,758,Пасмурно,ЮЗ 1м/с
12,751,Пасмурно,З 3м/с,10,752,Переменная облачность,З 3м/с
9,750,Малооблачно,З 2м/с,6,746,Ясно,З 2м/с
4,748,Ясно,СЗ 2м/с,3,750,Переменная облачность,СЗ 2м/с
6,751,Переменная облачность,З 3м/с,6,750,Пасмурно,З 3м/с
10,748,Малооблачно,ЮЗ 2м/с,9,748,Пасмурно,ЮЗ 2м/с
11,744,Пасмурно,ЮЗ 2м/с,11,746,Пасмурно,ЮЗ 2м/с
6,752,Пасмурно,СВ 1м/с,7,751,Пасмурно,СВ 1м/с
14,742,Малооблачно,ЮВ 1м/с,12,742,Переменная облачность,ЮВ 1м/с
8,749,Ясно,СЗ 3м/с,3,751,Ясно,СЗ 3м/с
6,749,Малооблачно,З 2м/с,3,749,Переменная облачность,З 2м/с
4,753,Малооблачно,СВ 2м/с,0,755,Ясно,СВ 2м/с
4,762,Ясно,С 2м/с,-1,763,Ясно,С 2м/с
4,758,Переменная облачность,ЮЗ 3м/с,2,756,Ясно,ЮЗ 3м/с
6,750,Пасмурно,ЮЗ 3м/с,5,750,Переменная облачность,ЮЗ 3м/с
10,749,Переменная облачность,З 4м/с,9,750,Переменная облачность,З 4м/с
8,745,Пасмурно,ЮЗ 3м/с,7,745,Пасмурно,ЮЗ 3м/с
11,747,Переменная облачность,ЮЗ 2м/с,10,748,Малооблачно,ЮЗ 2м/с
10,748,Пасмурно,Ю 2м/с,10,748,Пасмурно,Ю 2м/с
12,749,Малооблачно,З 2м/с,10,750,Пасмурно,З 2м/с
9,743,Малооблачно,С 3м/с,6,746,Переменная облачность,С 3м/с
5,753,Переменная облачность,З 3м/с,2,755,Ясно,З 3м/с
6,754,Пасмурно,ЮЗ 1м/с,6,752,Переменная облачность,ЮЗ 1м/с
8,751,Переменная облачность,ЮЗ 2м/с,8,750,Переменная облачность,ЮЗ 2м/с
9,750,Переменная облачность,Ю 2м/с,8,749,Переменная облачность,Ю 2м/с
10,751,Малооблачно,З 1м/с,9,752,Пасмурно,З 1м/с
12,753,Переменная облачность,ЮЗ 2м/с,9,755,Пасмурно,ЮЗ 2м/с
12,753,Ясно,ЮВ 2м/с,9,752,Ясно,ЮВ 2м/с
10,749,Малооблачно,ЮВ 2м/с,7,749,Переменная облачность,ЮВ 2м/с
8,755,Переменная облачность,З 2м/с,2,757,Ясно,З 2м/с
8,759,Переменная облачность,Ю 2м/с,8,760,Переменная облачность,Ю 2м/с
8,760,Ясно,Ю 2м/с,5,759,Ясно,Ю 2м/с
5,757,Пасмурно,З 2м/с,5,757,Переменная облачность,З 2м/с
6,756,Пасмурно,ЮВ 2м/с,5,754,Пасмурно,ЮВ 2м/с
7,747,Малооблачно,ЮВ 2м/с,5,745,Ясно,ЮВ 2м/с
3,743,Пасмурно,С 1м/с,2,745,Пасмурно,С 1м/с
1,747,Пасмурно,З 2м/с,0,746,Малооблачно,З 2м/с
2,742,Пасмурно,ЮЗ 4м/с,3,739,Пасмурно,ЮЗ 4м/с
3,742,Пасмурно,СЗ 5м/с,2,748,Малооблачно,СЗ 5м/с
2,764,Ясно,СЗ 1м/с,1,765,Ясно,СЗ 1м/с
2,766,Ясно,ЮЗ 3м/с,0,765,Ясно,ЮЗ 3м/с
2,763,Ясно,ЮВ 1м/с,1,763,Ясно,ЮВ 1м/с
2,764,Ясно,В 2м/с,0,764,Ясно,В 2м/с
1,760,Ясно,В 2м/с,-1,759,Ясно,В 2м/с
1,756,Ясно,В 1м/с,-1,755,Ясно,В 1м/с
0,753,Ясно,В 2м/с,-2,752,Ясно,В 2м/с
2,749,Пасмурно,Ю 3м/с,2,748,Малооблачно,Ю 3м/с
1,745,Пасмурно,З 2м/с,1,744,Пасмурно,З 2м/с
-2,737,Малооблачно,ЮЗ 3м/с,-2,735,Пасмурно,ЮЗ 3м/с
1,735,Пасмурно,ЮЗ 3м/с,1,738,Пасмурно,ЮЗ 3м/с
1,743,Пасмурно,З 2м/с,-3,747,Малооблачно,З 2м/с
-4,747,Переменная облачность,ЮЗ 1м/с,-2,744,Пасмурно,ЮЗ 1м/с
0,733,Пасмурно,ЮЗ 3м/с,1,734,Переменная облачность,ЮЗ 3м/с
-5,743,Пасмурно,С 3м/с,-9,747,Пасмурно,С 3м/с
-8,744,Малооблачно,З 2м/с,-5,742,Пасмурно,З 2м/с
-2,738,Пасмурно,Ю 4м/с,-2,737,Пасмурно,Ю 4м/с
0,738,Пасмурно,З 3м/с,-3,743,Пасмурно,З 3м/с
-1,742,Малооблачно,Ю 3м/с,-1,744,Пасмурно,Ю 3м/с
-2,743,Пасмурно,ЮВ 1м/с,-3,742,Пасмурно,ЮВ 1м/с
-5,741,Переменная облачность,З 2м/с,-5,741,Переменная облачность,З 2м/с
-7,745,Пасмурно,ЮЗ 1м/с,-7,748,Пасмурно,ЮЗ 1м/с
-8,755,Переменная облачность,СВ 1м/с,-8,757,Переменная облачность,СВ 1м/с
-10,756,Пасмурно,ЮЗ 2м/с,-9,755,Пасмурно,ЮЗ 2м/с
-7,744,Пасмурно,ЮЗ 4м/с,-9,739,Переменная облачность,ЮЗ 4м/с
-5,731,Пасмурно,З 3м/с,-5,732,Пасмурно,З 3м/с
-9,741,Малооблачно,СЗ 4м/с,-10,743,Переменная облачность,СЗ 4м/с
-13,751,Пасмурно,СЗ 3м/с,-11,753,Переменная облачность,СЗ 3м/с
-9,753,Пасмурно,Ю 1м/с,-7,750,Пасмурно,Ю 1м/с
0,741,Пасмурно,З 2м/с,1,744,Пасмурно,З 2м/с
0,748,Переменная облачность,СЗ 2м/с,-4,752,Пасмурно,СЗ 2м/с
-9,759,Малооблачно,З 1м/с,-8,760,Пасмурно,З 1м/с
-3,756,Переменная облачность,ЮЗ 3м/с,-3,753,Пасмурно,ЮЗ 3м/с
-2,747,Пасмурно,ЮЗ 1м/с,-2,749,Ясно,ЮЗ 1м/с
0,750,Пасмурно,ЮЗ 2м/с,0,749,Пасмурно,ЮЗ 2м/с
0,746,Пасмурно,З 3м/с,1,748,Переменная облачность,З 3м/с
2,756,Переменная облачность,З 2м/с,-1,757,Малооблачно,З 2м/с
-2,759,Ясно,ЮЗ 2м/с,-3,759,Малооблачно,ЮЗ 2м/с
-6,761,Ясно,З 1м/с,-9,762,Ясно,З 1м/с
-8,763,Ясно,ЮЗ 1м/с,-7,763,Пасмурно,ЮЗ 1м/с
-5,762,Пасмурно,Ю 1м/с,-8,761,Ясно,Ю 1м/с
-4,757,Пасмурно,ЮЗ 1м/с,-3,756,Пасмурно,ЮЗ 1м/с
-2,753,Пасмурно,З 1м/с,-1,754,Пасмурно,З 1м/с
0,759,Пасмурно,З 1м/с,-1,759,Пасмурно,З 1м/с
-1,758,Ясно,З 1м/с,-2,759,Пасмурно,З 1м/с
-3,762,Пасмурно,С 1м/с,-3,763,Переменная облачность,С 1м/с
-8,765,Пасмурно,В 3м/с,-8,764,Пасмурно,В 3м/с
-10,763,Пасмурно,ЮВ 1м/с,-11,762,Пасмурно,ЮВ 1м/с
-12,759,Переменная облачность,Ю 2м/с,-10,758,Пасмурно,Ю 2м/с
-6,755,Переменная облачность,Ю 1м/с,-6,756,Пасмурно,Ю 1м/с
-3,751,Ясно,Ю 2м/с,1,749,Пасмурно,Ю 2м/с
0,745,Пасмурно,З 2м/с,0,743,Пасмурно,З 2м/с
0,742,Пасмурно,З 1м/с,0,743,Пасмурно,З 1м/с
1,735,Пасмурно,Ю 3м/с,1,735,Пасмурно,Ю 3м/с
0,739,Пасмурно,ЮЗ 2м/с,-1,741,Переменная облачность,ЮЗ 2м/с
1,736,Пасмурно,Ю 3м/с,1,737,Пасмурно,Ю 3м/с
0,740,Переменная облачность,ЮЗ 2м/с,-4,742,Переменная облачность,ЮЗ 2м/с
-9,750,Переменная облачность,З 3м/с,-11,752,Пасмурно,З 3м/с
-10,753,Пасмурно,В 2м/с,-8,747,Пасмурно,В 2м/с
-4,740,Переменная облачность,З 4м/с,-10,742,Малооблачно,З 4м/с
-11,747,Переменная облачность,З 3м/с,-15,747,Ясно,З 3м/с
-18,747,Ясно,С 2м/с,-22,749,Малооблачно,С 2м/с
-19,755,Ясно,СЗ 3м/с,-16,756,Пасмурно,СЗ 3м/с
-12,759,Пасмурно,З 2м/с,-12,759,Пасмурно,З 2м/с
-13,758,Ясно,В 1м/с,-19,758,Ясно,В 1м/с
-15,752,Пасмурно,В 3м/с,-13,751,Пасмурно,В 3м/с
-10,750,Пасмурно,В 4м/с,-10,750,Пасмурно,В 4м/с
-12,752,Переменная облачность,В 3м/с,-15,754,Ясно,В 3м/с
-17,754,Ясно,СЗ 2м/с,-21,755,Ясно,СЗ 2м/с
-17,756,Переменная облачность,З 2м/с,-21,756,Ясно,З 2м/с
-22,759,Ясно,С 2м/с,-26,760,Ясно,С 2м/с
-27,766,Ясно,С 2м/с,-29,768,Ясно,С 2м/с
-23,773,Ясно,СЗ 2м/с,-25,773,Ясно,СЗ 2м/с
-17,774,Ясно,З 1м/с,-23,774,Ясно,З 1м/с
-20,775,Малооблачно,В 2м/с,-26,776,Ясно,В 2м/с
-19,775,Ясно,ЮЗ 1м/с,-22,773,Ясно,ЮЗ 1м/с
-16,761,Малооблачно,З 3м/с,-15,758,Пасмурно,З 3м/с
-12,747,Пасмурно,Ю 1м/с,-12,745,Пасмурно,Ю 1м/с
-16,750,Ясно,С 2м/с,-19,752,Ясно,С 2м/с
-15,754,Ясно,С 1м/с,-21,755,Ясно,С 1м/с
-19,758,Ясно,ЮВ 2м/с,-24,759,Ясно,ЮВ 2м/с
-15,759,Пасмурно,ЮВ 2м/с,-16,759,Пасмурно,ЮВ 2м/с
-13,761,Переменная облачность,В 2м/с,-14,761,Переменная облачность,В 2м/с
-15,761,Ясно,В 2м/с,-18,760,Переменная облачность,В 2м/с
-13,760,Пасмурно,ЮВ 2м/с,-13,759,Малооблачно,ЮВ 2м/с
-9,754,Пасмурно,Ю 2м/с,-8,753,Пасмурно,Ю 2м/с
-1,753,Пасмурно,Ю 1м/с,-1,753,Малооблачно,Ю 1м/с
1,754,Переменная облачность,Ю 2м/с,-1,755,Переменная облачность,Ю 2м/с
-3,754,Ясно,ЮВ 2м/с,-6,754,Ясно,ЮВ 2м/с
-4,753,Ясно,ЮВ 1м/с,-5,752,Пасмурно,ЮВ 1м/с
-5,748,Пасмурно,Ю 2м/с,-7,747,Пасмурно,Ю 2м/с
-3,739,Пасмурно,Ю 1м/с,-2,738,Пасмурно,Ю 1м/с
1,737,Пасмурно,З 3м/с,0,739,Ясно,З 3м/с
0,741,Переменная облачность,З 1м/с,-2,741,Пасмурно,З 1м/с
-3,746,Переменная облачность,С 2м/с,-13,751,Малооблачно,С 2м/с
-16,762,Ясно,СВ 2м/с,-19,765,Ясно,СВ 2м/с
-17,769,Ясно,Ю 2м/с,-20,769,Ясно,Ю 2м/с
-15,769,Ясно,ЮЗ 2м/с,-18,769,Ясно,ЮЗ 2м/с
-9,769,Ясно,З 2м/с,-13,769,Ясно,З 2м/с
-4,766,Ясно,ЮЗ 2м/с,-9,765,Ясно,ЮЗ 2м/с
1,762,Ясно,З 1м/с,-11,761,Ясно,З 1м/с
-7,759,Переменная облачность,В 2м/с,-7,759,Пасмурно,В 2м/с
